2	1	Lỗi Lầm
2	2	Tinh Cần
2	3	Thiêu Đốt
2	4	Không Thiêu Đốt
2	5	Điều Tự Chứng Ngộ
2	6	Kiết Sử
2	7	Pháp Đen
2	8	Pháp Trắng
2	9	Sự Duy Trì Thế Gian
2	10	Ngày Nhập Hạ
3	1	Sợ Hãi
3	2	Tướng
3	3	Suy Tầm
3	4	Lỗi Lầm
3	5	Không Như Lý
3	6	Bất Thiện
3	7	Có Tội
3	8	Có Hại
3	9	Tổn Hại
3	10	Cáu Bẩn
3	11	Người Được Biết Đến
3	12	Đáng Nhớ
3	13	Hy Vọng
3	14	Chuyển Luân
3	15	Có Tư
3	16	Không Sai Lầm
3	17	Tự Hại
3	18	Thiên Giới
3	19	Thương Nhân (1)
3	20	Thương Nhân (2)
3	21	Samiddha
3	22	Người Bệnh
3	23	Hành
3	24	Nhiều Lợi Ích
3	25	Như Kim Cương
3	26	Nên Thân Cận
3	27	Nên Ghê Tởm
3	28	Nói Phân
3	29	Người Mù
3	30	Trí Úp Ngược
3	31	Có Phạm Thiên
3	32	Ānanda
3	33	Sāriputta
3	34	Nhân
3	35	Hatthaka
3	36	Thiên Sứ
3	37	Tứ Đại Thiên Vương
3	38	Tứ Đại Thiên Vương (2)
3	39	Thanh Nhã
3	40	Tăng Thượng
3	41	Hiện Tiền
3	42	Ba Trường Hợp
3	43	Lý Do
3	44	Câu Chuyện Diễn Tiến
3	45	Bậc Trí
3	46	Bậc Trì Giới
3	47	Tướng Hữu Vi
3	48	Tướng Vô Vi
3	49	Núi Chúa
3	50	Cần Tinh Cần
3	51	Đại Đạo Tặc
3	52	Hai Bà-la-môn (1)
3	53	Hai Bà-la-môn (2)
3	54	Một Bà-la-môn
3	55	Du Sĩ
3	56	Tịch Diệt
3	57	Hoại Diệt
3	58	Vacchagotta
3	59	Tikaṇṇa
3	60	Jāṇussoṇi
3	61	Saṅgārava
3	62	Căn Cứ Ngoại Đạo
3	63	Venāgapura
3	64	Sarabha
3	65	Kesamutti
3	66	Sāḷha
3	67	Đề Tài Đàm Luận
3	68	Ngoại Đạo
3	69	Căn Bất Thiện
3	70	Ngày Bố-tát
3	71	Channa
3	72	Ājīvaka
3	73	Mahānāma Người Sakya
3	74	Nigaṇṭha
3	75	An Trú
3	76	Hữu (1)
3	77	Hữu (2)
3	78	Giới Cấm
3	79	Hương
3	80	Tiểu Thiên Thế Giới
3	81	Sa-môn
3	82	Con Lừa
3	83	Ruộng
3	84	Người Vajjī
3	85	Hữu Học
3	86	Học Pháp (1)
3	87	Học Pháp (2)
3	88	Học Pháp (3)
3	89	Tam Học (1)
3	90	Tam Học (2)
3	91	Saṅkavā
3	92	Việc Khẩn
3	93	Viễn Ly
3	94	Mùa Thu
3	95	Hội Chúng
3	96	Ngựa Thuần Chủng (1)
3	97	Ngựa Thuần Chủng (2)
3	98	Ngựa Thuần Chủng (3)
3	99	Vải Thô
3	100	Cục Muối
3	101	Người Đãi Vàng
3	102	Tướng
3	103	Trước Khi Giác Ngộ
3	104	Vị Ngọt (1)
3	105	Vị Ngọt (2)
3	106	Sa-môn Bà-la-môn
3	107	Khóc
3	108	Không Biết Đủ
3	109	Không Hộ Trì
3	110	Tâm Hư Hoại
3	111	Nhân Duyên (1)
3	112	Nhân Duyên Thứ Hai
3	113	Khổ Cảnh
3	114	Khó Được
3	115	Không Thể Lường
3	116	Bất Động
3	117	Thất Bại Và Thành Tựu
3	118	Chắc Chắn
3	119	Hành Động
3	120	Thanh Tịnh Thứ Nhất
3	121	Thanh Tịnh Thứ Hai
3	122	Ẩn Sĩ Hạnh
3	123	Kusinārā
3	124	Cãi Cọ
3	125	Đền Gotamaka
3	126	Bharaṇḍu Kālāma
3	127	Hatthaka
3	128	Uế Tạp
3	129	Anuruddha Thứ Nhất
3	130	Anuruddha Thứ Hai
3	131	Che Giấu
3	132	Nét Vạch
3	133	Chiến Sĩ
3	134	Hội Chúng
3	135	Bạn
3	136	Sanh Khởi
3	137	Áo Lông Tóc
3	138	Thành Tựu
3	139	Tăng Trưởng
3	140	Ngựa Non
3	141	Ngựa Tốt
3	142	Ngựa Thuần Chủng
3	143	Moranivāpa Thứ Nhất
3	144	Moranivāpa Thứ Hai
3	145	Moranivāpa Thứ Ba
3	146	Bất Thiện
3	147	Có Tội
3	148	Không Ngay Thẳng
3	149	Bất Tịnh
3	150	Tổn Hại Thứ Nhất
3	151	Tổn Hại Thứ Hai
3	152	Tổn Hại Thứ Ba
3	153	Tổn Hại Thứ Tư
3	154	Đảnh Lễ
3	155	Buổi Sáng
4	1	Chứng Ngộ
4	2	Rơi Rụng
4	3	Tự Hại (1)
4	4	Tự Hại (2)
4	5	Theo Dòng
4	6	Ít Nghe
4	7	Làm Đẹp
4	8	Vô Úy
4	9	Khởi Ái
4	10	Ách Phược
4	11	Hành
4	12	Giới
4	13	Chánh Cần
4	14	Phòng Hộ
4	15	Thiết Định
4	16	Vi Tế
4	17	Thiên Vị (1)
4	18	Thiên Vị (2)
4	19	Thiên Vị (3)
4	20	Người Phân Thực
4	21	Uruvelā (1)
4	22	Uruvelā (2)
4	23	Thế Gian
4	24	Khu Vườn Kāḷaka
4	25	Phạm Hạnh
4	26	Lừa Dối
4	27	Biết Đủ
4	28	Dòng Thánh
4	29	Pháp Cú
4	30	Du Sĩ
4	31	Bánh Xe
4	32	Nhiếp Sự
4	33	Sư Tử
4	34	Tịnh Tín Tối Thượng
4	35	Vassakāra
4	36	Doṇa
4	37	Không Thối Đọa
4	38	Ẩn Cư
4	39	Ujjaya
4	40	Udāyī
4	41	Tu Tập Định
4	42	Trả Lời Câu Hỏi
4	43	Coi Trọng Phẫn Nộ (1)
4	44	Coi Trọng Phẫn Nộ (2)
4	45	Rohitassa
4	46	Rohitassa (2)
4	47	Rất Xa
4	48	Visākha
4	49	Điên Đảo
4	50	Cấu Uế
4	51	Dòng Phước (1)
4	52	Dòng Phước (2)
4	53	Sống Chung (1)
4	54	Sống Chung (2)
4	55	Đồng Sống (1)
4	56	Đồng Sống (2)
4	57	Suppavāsā
4	58	Sudatta
4	59	Thức Ăn
4	60	Pháp Cư Sĩ
4	61	Nghiệp Xứng Đáng
4	62	Không Nợ
4	63	Phạm Thiên
4	64	Địa Ngục
4	65	Sắc Tướng
4	66	Có Tham
4	67	Vua Rắn
4	68	Devadatta
4	69	Tinh Cần
4	70	Phi Pháp
4	71	Tinh Cần
4	72	Chánh Kiến
4	73	Bậc Chân Nhân
4	74	Tối Thượng (1)
4	75	Tối Thượng (2)
4	76	Kusinārā
4	77	Không Nên Tư Duy
4	78	Sự Cúng Dường
4	79	Buôn Bán
4	80	Kamboja
4	81	Sát Sinh
4	82	Nói Dối
4	83	Không Đáng Khen
4	84	Coi Trọng Phẫn Nộ
4	85	Bóng Tối Đến Bóng Tối
4	86	Thấp Kém Đến Thấp Kém
4	87	Người Con
4	88	Kiết Sử
4	89	Chánh Kiến (2)
4	90	Uẩn
4	91	A-tu-la
4	92	Định (1)
4	93	Định (2)
4	94	Định (3)
4	95	Que Củi Thiêu Xác
4	96	Điều Phục Tham
4	97	Lanh Lợi Lãnh Hội
4	98	Lợi Mình
4	99	Học Giới
4	100	Potaliya
4	101	Mây (1)
4	102	Mây (2)
4	103	Cái Ghè
4	104	Hồ Nước
4	105	Trái Xoài
4	106	Con Chuột
4	107	Con Bò
4	108	Cây
4	109	Rắn Độc
4	110	Kesi
4	111	Tốc Lực
4	112	Roi Đánh
4	113	Voi
4	114	Việc Làm
4	115	Không Phóng Dật
4	116	Hộ Trì
4	117	Nơi Khởi Tín
4	118	Sợ Hãi (1)
4	119	Sợ Hãi (2)
4	120	Tự Trách
4	121	Sợ Sóng
4	122	Sai Khác (1)
4	123	Sai Khác (2)
4	124	Từ (1)
4	125	Từ (2)
4	126	Pháp Hy Hữu Của Như Lai (1)
4	127	Pháp Hy Hữu Của Như Lai (2)
4	128	Pháp Hy Hữu Của Ānanda
4	129	Pháp Hy Hữu Của Chuyển Luân
4	130	Kiết Sử (2)
4	131	Biện Tài
4	132	Liễu Ngộ Nhanh
4	133	Quả Của Nỗ Lực
4	134	Có Lỗi
4	135	Giới (1)
4	136	Giới (2)
4	137	Ẩn Cư
4	138	Người Thuyết Pháp
4	139	Người Biện Luận
4	140	Ánh Sáng
4	141	Ánh Sáng
4	142	Ánh
4	143	Chói Sáng
4	144	Đèn
4	145	Thời (1)
4	146	Thời (2)
4	147	Ác Hạnh
4	148	Thiện Hạnh
4	149	Tinh Túy
4	150	Căn
4	151	Tín Lực
4	152	Tuệ Lực
4	153	Niệm Lực
4	154	Lực Tư Sát
4	155	Kiếp
4	156	Bệnh
4	157	Thối Đọa
4	158	Tỷ-kheo-ni
4	159	Luật Của Thiện Thệ
4	160	Tóm Tắt
4	161	Chi Tiết
4	162	Bất Tịnh
4	163	Nhẫn (1)
4	164	Nhẫn (2)
4	165	Cả Hai
4	166	Mahāmoggallāna
4	167	Sāriputta
4	168	Hữu Hành
4	169	Song Hành
4	170	Tư
4	171	Phân Tích
4	172	Mahākoṭṭhika
4	173	Ānanda
4	174	Upavāṇa
4	175	Ước Nguyện
4	176	Rāhula
4	177	Vũng Lầy
4	178	Niết-bàn
4	179	Đại Giáo Thọ
4	180	Chiến Sĩ
4	181	Bảo Đảm
4	182	Được Nghe
4	183	Không Sợ
4	184	Đế Lý Bà-la-môn
4	185	Đường Tâm
4	186	Vassakāra
4	187	Upaka
4	188	Cần Chứng Ngộ
4	189	Bố-tát
4	190	Pháp Được Nghe
4	191	Căn Cứ
4	192	Bhaddiya
4	193	Dân Sāmuga
4	194	Vappa
4	195	Sāḷha
4	196	Hoàng Hậu Mallikā
4	197	Tự Hành Hạ
4	198	Ái
4	199	Thương Mến
4	200	Học Xứ
4	201	Không Có Tín
4	202	Bảy Nghiệp
4	203	Mười Nghiệp
4	204	Tám Chi
4	205	Mười Đạo
4	206	Ác Pháp (1)
4	207	Ác Pháp (2)
4	208	Ác Pháp (3)
4	209	Ác Pháp (4)
4	210	Hội Chúng
4	211	Kiến
4	212	Vong Ân
4	213	Sát Sinh
4	214	Đạo (1)
4	215	Đạo (2)
4	216	Đường Ngôn Ngữ (1)
4	217	Đường Ngôn Ngữ (2)
4	218	Không Tàm
4	219	Phá Giới
4	220	Ác Hạnh
4	221	Kiến
4	222	Vong Ân
4	223	Sát Sinh
4	224	Đạo (1)
4	225	Đạo (2)
4	226	Đường Ngôn Ngữ (1)
4	227	Đường Ngôn Ngữ (2)
4	228	Không Tàm
4	229	Ác Tuệ
4	230	Thi Nhân
4	231	Vắn Tắt
4	232	Rộng Thuyết
4	233	Soṇakāyana
4	234	Học Xứ (1)
4	235	Học Xứ (2)
4	236	Thánh Đạo
4	237	Giác Chi
4	238	Có Tội
4	239	Không Não Hại
4	240	Sa-môn
4	241	Lợi Ích Của Bậc Chân Nhân
4	242	Phá Tăng
4	243	Sợ Tội
4	244	Lợi Ích Của Học Pháp
4	245	Nằm
4	246	Đáng Xây Tháp
4	247	Tăng Trưởng Tuệ
4	248	Nhiều Lợi Ích
4	249	Lời Nói (1)
4	250	Lời Nói (2)
4	251	Lời Nói (3)
4	252	Lời Nói (4)
4	253	Thắng Tri
4	254	Tầm Cầu
4	255	Nhiếp Sự
4	256	Mālukyaputta
4	257	Gia Tộc
4	258	Ngựa Thuần Chủng (1)
4	259	Ngựa Thuần Chủng (2)
4	260	Lực
4	261	Rừng
4	262	Nghiệp
4	263	Sát Sinh
4	264	Lấy Của Không Cho
4	265	Tà Hạnh
4	266	Nói Dối
4	267	Nói Hai Lưỡi
4	268	Nói Lời Thô Ác
4	269	Nói Lời Phù Phiếm
4	270	Tham Lam
4	271	Sân Tâm
4	272	Tà Kiến
4	273	Niệm Xứ
4	274	Chánh Cần
4	275	Thần Túc
5	1	Tóm Tắt
5	2	Chi Tiết
5	3	Khổ
5	4	Như Bị Quăng Vào
5	5	Học Giới
5	6	Bất Thiện Xen Vào
5	7	Các Dục
5	8	Thối Đọa
5	9	Không Cung Kính (1)
5	10	Không Cung Kính (2)
5	11	Chưa Được Nghe
5	12	Nóc Nhà
5	13	Tóm Tắt
5	14	Chi Tiết
5	15	Cần Được Thấy
5	16	Nóc Nhà Lần Nữa
5	17	Lợi Ích (1)
5	18	Lợi Ích (2)
5	19	Lợi Ích (3)
5	20	Lợi Ích (4)
5	21	Không Cung Kính (1)
5	22	Không Cung Kính (2)
5	23	Tùy Phiền Não
5	24	Ác Giới
5	25	Được Hỗ Trợ
5	26	Xứ Giải Thoát
5	27	Định
5	28	Năm Chi
5	29	Kinh Hành
5	30	Nāgita
5	31	Sumanā
5	32	Cundī
5	33	Uggaha
5	34	Tướng Quân Sīha
5	35	Lợi Ích Bố Thí
5	36	Bố Thí Đúng Thời
5	37	Thức Ăn
5	38	Tín
5	39	Con
5	40	Con Nhà Đại Gia
5	41	Dùng Tài Sản
5	42	Bậc Chân Nhân
5	43	Điều Mong Muốn
5	44	Người Cho Điều Đáng Ưa
5	45	Dòng Phước
5	46	Thành Tựu
5	47	Tài Bảo
5	48	Điều Không Thể Có Được
5	49	Kosala
5	50	Nārada
5	51	Che Chướng
5	52	Đống Bất Thiện
5	53	Chi Phần Tinh Cần
5	54	Thời
5	55	Mẹ Và Con
5	56	Hòa Thượng
5	57	Pháp Thường Quán
5	58	Các Vương Tử Licchavi
5	59	Xuất Gia Lúc Già (1)
5	60	Xuất Gia Lúc Già (2)
5	61	Tưởng (1)
5	62	Tưởng (2)
5	63	Tăng Trưởng (1)
5	64	Tăng Trưởng (2)
5	65	Đàm Luận
5	66	Cộng Trú
5	67	Thần Túc (1)
5	68	Thần Túc (2)
5	69	Yếm Ly
5	70	Đoạn Tận Lậu Hoặc
5	71	Quả Tâm Giải Thoát (1)
5	72	Quả Tâm Giải Thoát (2)
5	73	Sống Theo Pháp (1)
5	74	Sống Theo Pháp (2)
5	75	Chiến Sĩ (1)
5	76	Chiến Sĩ (2)
5	77	Sợ Hãi Tương Lai (1)
5	78	Sợ Hãi Tương Lai (2)
5	79	Sợ Hãi Tương Lai (3)
5	80	Sợ Hãi Tương Lai (4)
5	81	Đáng Nhiễm Tham
5	82	Ly Tham
5	83	Lừa Dối
5	84	Không Có Lòng Tin
5	85	Không Kham Nhẫn
5	86	Chứng Vô Ngại Giải
5	87	Có Giới
5	88	Trưởng Lão
5	89	Hữu Học (1)
5	90	Hữu Học (2)
5	91	Thành Tựu (1)
5	92	Thành Tựu (2)
5	93	Tuyên Bố
5	94	An Trú
5	95	Bất Động
5	96	Thọ Trì Điều Đã Nghe
5	97	Đàm Luận
5	98	Sống Rừng
5	99	Sư Tử
5	100	Trưởng Lão Kakudha
5	101	Rụt Rè
5	102	Bị Nghi Ngờ
5	103	Đại Đạo Tặc
5	104	Sa-môn Thanh Nhã
5	105	An Trú
5	106	Ānanda
5	107	Giới
5	108	Vô Học
5	109	Bốn Phương
5	110	Rừng
5	111	Lui Tới Gia Đình
5	112	Sa-môn Đi Sau
5	113	Chánh Định
5	114	Andhakavinda
5	115	Tỷ-kheo-ni Xan Tham
5	116	Khen Chê
5	117	Tỷ-kheo-ni Ganh Tỵ
5	118	Tà Kiến
5	119	Tà Ngữ
5	120	Tà Tinh Tấn
5	121	Bệnh
5	122	Niệm Khéo An Trú
5	123	Người Bệnh (1)
5	124	Người Chăm Bệnh
5	125	Không Sống Lâu (1)
5	126	Không Sống Lâu (2)
5	127	Sống Tách
5	128	Lạc Của Sa-môn
5	129	Tội Nặng Không Chữa
5	130	Tai Họa
5	131	Chuyển Bánh Xe (1)
5	132	Chuyển Bánh Xe (2)
5	133	Pháp Vương
5	134	Phương Nào
5	135	Ước Nguyện (1)
5	136	Ước Nguyện (2)
5	137	Ngủ Ít
5	138	Ăn Nhiều
5	139	Không Nhẫn
5	140	Tai Nghe
5	141	Khinh Thường
5	142	Ra Sức
5	143	Sārandada
5	144	Tikaṇḍakī
5	145	Địa Ngục
5	146	Bạn
5	147	Bố Thí Của Kẻ Phi Chân Nhân
5	148	Bố Thí Của Bậc Chân Nhân
5	149	Giải Thoát Tạm Thời (1)
5	150	Giải Thoát Tạm Thời (2)
5	151	Nhập Chánh Tánh (1)
5	152	Nhập Chánh Tánh (2)
5	153	Nhập Chánh Tánh (3)
5	154	Chánh Pháp Hủy Hoại (1)
5	155	Chánh Pháp Hủy Hoại (2)
5	156	Chánh Pháp Hủy Hoại (3)
5	157	Lời Khó Nói
5	158	Rụt Rè
5	159	Udāyī
5	160	Khó Xua Tan
5	161	Dẹp Sân Hận (1)
5	162	Dẹp Sân Hận (2)
5	163	Đàm Luận
5	164	Cộng Trú
5	165	Hỏi Đáp
5	166	Diệt
5	167	Cử Tội
5	168	Giới
5	169	Nhanh Hiểu
5	170	Bhaddaji
5	171	Rụt Rè
5	172	Tự Tin
5	173	Địa Ngục
5	174	Oán Thù
5	175	Chiên-đà-la
5	176	Hỷ
5	177	Buôn Bán
5	178	Vua
5	179	Cư Sĩ
5	180	Gavesī
5	181	Sống Rừng
5	182	Y Phấn Tảo
5	183	Gốc Cây
5	184	Nghĩa Địa
5	185	Trống Trải
5	186	Ngồi Không Nằm
5	187	Chỗ Ngồi Tùy Duyên
5	188	Một Ngồi
5	189	Không Ăn Thêm Sau
5	190	Ăn Trong Bát
5	191	Chó
5	192	Doṇa
5	193	Saṅgārava
5	194	Kāraṇapālī
5	195	Piṅgiyānī
5	196	Đại Mộng
5	197	Mưa
5	198	Lời Nói
5	199	Gia Đình
5	200	Xuất Ly
5	201	Kimila
5	202	Nghe Pháp
5	203	Ngựa Thuần Chủng
5	204	Sức Mạnh
5	205	Tâm Hoang Vu
5	206	Tâm Triền Phược
5	207	Cháo
5	208	Cây Xỉa Răng
5	209	Giọng Hát
5	210	Thất Niệm
5	211	Mắng Nhiếc
5	212	Gây Gỗ
5	213	Giới
5	214	Nói Nhiều
5	215	Không Nhẫn (1)
5	216	Không Nhẫn (2)
5	217	Không Tịnh Tín (1)
5	218	Không Tịnh Tín (2)
5	219	Lửa
5	220	Madhurā
5	221	Du Hành Dài (1)
5	222	Du Hành Dài (2)
5	223	Ở Lâu Quá
5	224	Xan Tham
5	225	Lui Tới Gia Đình (1)
5	226	Lui Tới Gia Đình (2)
5	227	Tài Sản
5	228	Ăn Muộn
5	229	Rắn Đen (1)
5	230	Rắn Đen (2)
5	231	Trú Xứ
5	232	Được Thương Mến
5	233	Làm Đẹp
5	234	Nhiều Lợi Ích
5	235	Lòng Thương
5	236	Không Đáng Khen (1)
5	237	Không Đáng Khen (2)
5	238	Không Đáng Khen (3)
5	239	Xan Tham (1)
5	240	Xan Tham (2)
5	241	Ác Hạnh (1)
5	242	Thân Ác Hạnh (1)
5	243	Khẩu Ác Hạnh (1)
5	244	Ý Ác Hạnh (1)
5	245	Ác Hạnh (2)
5	246	Thân Ác Hạnh (2)
5	247	Khẩu Ác Hạnh (2)
5	248	Ý Ác Hạnh (2)
5	249	Bãi Tha Ma
5	250	Tịnh Tín Nơi Người
5	251	Được Cử Hành Lễ Cụ Túc
5	252	Y Chỉ
5	253	Sa-di
5	254	Năm Xan Tham
5	255	Đoạn Xan Tham
5	256	Sơ Thiền
5	259	Sơ Thiền Khác
5	262	Phân Phối Ăn
5	265	Tỷ-kheo
5	268	Ājīvaka
6	1	Đáng Cúng Dường (1)
6	2	Đáng Cúng Dường (2)
6	3	Căn
6	4	Lực
6	5	Thuần Chủng (1)
6	6	Thuần Chủng (2)
6	7	Thuần Chủng (3)
6	8	Vô Thượng
6	9	Xứ Tùy Niệm
6	10	Mahānāma
6	11	Đáng Nhớ (1)
6	12	Đáng Nhớ (2)
6	13	Xuất Ly
6	14	Tốt Lành
6	15	Hối Hận
6	16	Cha Nakula
6	17	Ngủ
6	18	Người Đánh Cá
6	19	Niệm Chết (1)
6	20	Niệm Chết (2)
6	21	Sāmaka
6	22	Không Thối Đọa
6	23	Sợ Hãi
6	24	Himavanta
6	25	Xứ Tùy Niệm
6	26	Mahākaccāna
6	27	Thời Điểm (1)
6	28	Thời Điểm (2)
6	29	Udāyī
6	30	Vô Thượng
6	31	Hữu Học
6	32	Không Thối Đọa (1)
6	33	Không Thối Đọa (2)
6	34	Mahāmoggallāna
6	35	Thuộc Về Minh
6	36	Gốc Tranh Chấp
6	37	Bố Thí Sáu Chi
6	38	Tự Làm
6	39	Nhân Duyên
6	40	Kimila
6	41	Khối Gỗ
6	42	Nāgita
6	43	Long Tượng
6	44	Migasālā
6	45	Nợ
6	46	Mahācunda
6	47	Hiện Kiến (1)
6	48	Hiện Kiến (2)
6	49	Khema
6	50	Hộ Trì Các Căn
6	51	Ānanda
6	52	Sát-đế-lỵ
6	53	Không Phóng Dật
6	54	Dhammika
6	55	Soṇa
6	56	Phagguna
6	57	Sáu Loại Sinh
6	58	Lậu Hoặc
6	59	Thợ Gỗ
6	60	Citta Hatthisāriputta
6	61	Ở Giữa
6	62	Trí Về Căn Của Người
6	63	Thấu Triệt
6	64	Sư Tử Hống
6	65	Quả Bất Lai
6	66	A-la-hán
6	67	Bạn
6	68	Ưa Hội Chúng
6	69	Thiên
6	70	Định
6	71	Có Thể Tự Chứng
6	72	Lực
6	73	Thiền (1)
6	74	Thiền (2)
6	75	Khổ
6	76	A-la-hán
6	77	Pháp Siêu Nhân
6	78	Lạc Hỷ
6	79	Chứng Đạt
6	80	Lớn Mạnh
6	81	Địa Ngục (1)
6	82	Địa Ngục (2)
6	83	Pháp Tối Thượng
6	84	Đêm Ngày
6	85	Thanh Lương
6	86	Che Chướng
6	87	Đoạt Mạng
6	88	Muốn Nghe
6	89	Chưa Đoạn
6	90	Đã Đoạn
6	91	Không Thể
6	92	Chỗ Không Thể (1)
6	93	Chỗ Không Thể (2)
6	94	Chỗ Không Thể (3)
6	95	Chỗ Không Thể (4)
6	96	Xuất Hiện
6	97	Lợi Ích
6	98	Vô Thường
6	99	Khổ
6	100	Vô Ngã
6	101	Niết-bàn
6	102	Không Ổn Định
6	103	Gươm Tuốt
6	104	Không Đồng Hóa
6	105	Hữu
6	106	Ái
6	107	Tham
6	108	Ác Hạnh
6	109	Tầm
6	110	Tưởng
6	111	Giới
6	112	Vị Ngọt
6	113	Không Vui
6	114	Tri Túc
6	115	Khó Bảo
6	116	Trạo Cử
6	117	Quán Thân
6	118	Quán Pháp
6	119	Tapussa
7	1	Được Yêu Mến (1)
7	2	Được Yêu Mến (2)
7	3	Lực Tóm Tắt
7	4	Lực Chi Tiết
7	5	Tài Sản Tóm Tắt
7	6	Tài Sản Chi Tiết
7	7	Ugga
7	8	Kiết Sử
7	9	Đoạn Trừ
7	10	Xan Tham
7	11	Tùy Miên (1)
7	12	Tùy Miên (2)
7	13	Gia Đình
7	14	Hạng Người
7	15	Ví Như Nước
7	16	Quán Vô Thường
7	17	Quán Khổ
7	18	Quán Vô Ngã
7	19	Niết-bàn
7	20	Chỗ Dựa Không Tỳ Vết
7	21	Sārandada
7	22	Vassakāra
7	23	Bảy Pháp (1)
7	24	Bảy Pháp (2)
7	25	Bảy Pháp (3)
7	26	Giác Chi
7	27	Tưởng
7	28	Thối Đọa (1)
7	29	Thối Đọa (2)
7	30	Thất Bại
7	31	Suy Đồi
7	32	Tôn Trọng Không Phóng Dật
7	33	Tôn Trọng Tàm
7	34	Dễ Nói (1)
7	35	Dễ Nói (2)
7	36	Bạn (1)
7	37	Bạn (2)
7	38	Vô Ngại Giải (1)
7	39	Vô Ngại Giải (2)
7	40	Tự Tại (1)
7	41	Tự Tại (2)
7	42	Không Tỳ Vết (1)
7	43	Không Tỳ Vết (2)
7	44	Bảy Trụ Xứ Của Thức
7	45	Tư Cụ Định
7	46	Lửa (1)
7	47	Lửa (2)
7	48	Tưởng (1)
7	49	Tưởng (2)
7	50	Dâm Dục
7	51	Hệ Lụy
7	52	Bố Thí Đại Quả
7	53	Nandamātā
7	54	Không Ký Thuyết
7	55	Thú Hướng Của Người
7	56	Phạm Thiên Tissa
7	57	Tướng Quân Sīha
7	58	Không Cần Che Giấu
7	59	Kimila
7	60	Bảy Pháp
7	61	Gật Gù
7	62	Từ Tâm
7	63	Người Vợ
7	64	Người Phẫn Nộ
7	65	Tàm Và Quý
7	66	Bảy Mặt Trời
7	67	Ví Dụ Thành Lũy
7	68	Biết Pháp
7	69	Cây Pāricchattaka
7	70	Tôn Trọng
7	71	Tu Tập
7	72	Ví Dụ Khối Lửa
7	73	Sunetta
7	74	Araka
7	75	Trì Luật (1)
7	76	Trì Luật (2)
7	77	Trì Luật (3)
7	78	Trì Luật (4)
7	79	Trì Luật Rực Rỡ (1)
7	80	Trì Luật Rực Rỡ (2)
7	81	Trì Luật Rực Rỡ (3)
7	82	Trì Luật Rực Rỡ (4)
7	83	Lời Dạy Của Đạo Sư
7	84	Dứt Tranh Tụng
7	85	Tỷ-Kheo
7	86	Sa-Môn
7	87	Bà-La-Môn
7	88	Bậc Đa Văn
7	89	Bậc Đã Tắm
7	90	Bậc Thông Đạt Minh
7	91	Bậc Thánh
7	92	A-La-Hán
7	93	Phi Chánh Pháp
7	94	Chánh Pháp
8	1	Từ
8	2	Tuệ
8	3	Không Được Yêu Mến (1)
8	4	Không Được Yêu Mến (2)
8	5	Thế Pháp (1)
8	6	Thế Pháp (2)
8	7	Suy Đồi Của Devadatta
8	8	Suy Đồi — Uttara
8	9	Nanda
8	10	Vỏ Trấu
8	11	Verañja
8	12	Sīha
8	13	Ngựa Thuần Chủng
8	14	Ngựa Bất Khả
8	15	Cấu Uế
8	16	Sứ Giả
8	17	Trói Buộc (1)
8	18	Trói Buộc (2)
8	19	Pahārāda
8	20	Ngày Bố-tát
8	21	Ugga (1)
8	22	Ugga (2)
8	23	Hatthaka (1)
8	24	Hatthaka (2)
8	25	Mahānāma
8	26	Jīvaka
8	27	Sức Mạnh (1)
8	28	Sức Mạnh (2)
8	29	Thời Không Thích Hợp
8	30	Đại Tầm Của Anuruddha
8	31	Bố Thí (1)
8	32	Bố Thí (2)
8	33	Nhân Duyên Bố Thí
8	34	Ruộng
8	35	Tái Sinh Do Bố Thí
8	36	Nhân Tạo Phước
8	37	Bố Thí Của Bậc Chân Nhân
8	38	Bậc Chân Nhân
8	39	Dòng Phước
8	40	Quả Báo Ác Hạnh
8	41	Ngày Bố-Tát Tóm Tắt
8	42	Ngày Bố-Tát Chi Tiết
8	43	Visākhā
8	44	Vāseṭṭha
8	45	Bojjhā
8	46	Anuruddha
8	47	Visākhā (2)
8	48	Nakulamātā
8	49	Đời Này (1)
8	50	Đời Này (2)
8	51	Gotamī
8	52	Giáo Giới
8	53	Tóm Tắt
8	54	Dīghajāṇu
8	55	Ujjaya
8	56	Sợ Hãi
8	57	Đáng Cúng Dường (1)
8	58	Đáng Cúng Dường (2)
8	59	Hạng Người (1)
8	60	Hạng Người (2)
8	61	Ước Muốn
8	62	Đủ Tư Cách
8	63	Tóm Tắt
8	64	Gayāsīsa
8	65	Thắng Xứ
8	66	Giải Thoát
8	67	Phi Thánh Ngôn
8	68	Thánh Ngôn
8	69	Chúng Hội
8	70	Động Đất
8	71	Tín (1)
8	72	Tín (2)
8	73	Niệm Chết (1)
8	74	Niệm Chết (2)
8	75	Thành Tựu (1)
8	76	Thành Tựu (2)
8	77	Ước Muốn
8	78	Đủ Khả Năng
8	79	Thối Đọa
8	80	Duyên Lười Biếng Và Tinh Cần
8	81	Niệm Tỉnh Giác
8	82	Puṇṇiya
8	83	Căn Bản
8	84	Đại Đạo Tặc
8	85	Sa-môn
8	86	Danh Vọng
8	87	Úp Bát
8	88	Tuyên Bố Không Tịnh Tín
8	89	Hành Sự Hòa Giải
8	90	Chánh Hạnh
9	1	Chánh Giác
9	2	Chỗ Nương
9	3	Meghiya
9	4	Nandaka
9	5	Sức Mạnh
9	6	Thân Cận
9	7	Sutavā
9	8	Sajjha
9	9	Hạng Người
9	10	Đáng Cúng Dường
9	11	Sư Tử Hống
9	12	Còn Dư Y
9	13	Koṭṭhika
9	14	Samiddhi
9	15	Nhọt Độc
9	16	Tưởng
9	17	Gia Đình
9	18	Bố-Tát Chín Chi
9	19	Thiên Thần
9	20	Velāma
9	21	Ba Sự
9	22	Ngựa Hạ Liệt
9	23	Gốc Ái
9	24	Cõi Chúng Sinh
9	25	Trí Tuệ
9	26	Trụ Đá
9	27	Thù Hận (1)
9	28	Thù Hận (2)
9	29	Sự Việc Sân Hận
9	30	Điều Phục Sân Hận
9	31	Diệt Thứ Lớp
9	32	Trú Thứ Lớp
9	33	Chứng Đạt Trú Thứ Lớp
9	34	Lạc Niết-Bàn
9	35	Ví Dụ Con Bò
9	36	Thiền
9	37	Ānanda
9	38	Luận Thế Gian
9	39	Chiến Trận Thiên A-Tu-La
9	40	Voi
9	41	Tapussa
9	42	Chật Hẹp
9	43	Thân Chứng
9	44	Tuệ Giải Thoát
9	45	Câu Phần Giải Thoát
9	46	Pháp Hiện Chứng
9	47	Niết-bàn Hiện Chứng
9	48	Niết-bàn
9	49	Bát-niết-bàn
9	50	Niết-bàn Từng Phần
9	51	Niết-bàn Hiện Pháp
9	52	An Ổn
9	53	Đạt An Ổn
9	54	Bất Tử
9	55	Đạt Bất Tử
9	56	Vô Úy
9	57	Đạt Vô Úy
9	58	Khinh An
9	59	Khinh An Thứ Đệ
9	60	Diệt
9	61	Diệt Thứ Đệ
9	62	Không Thể
9	63	Yếu Kém Trong Học Giới
9	64	Triền Cái
9	65	Dục Công Đức
9	66	Thủ Uẩn
9	67	Kiết Sử Phần Dưới
9	68	Thú
9	69	Xan Tham
9	70	Kiết Sử Phần Trên
9	71	Tâm Hoang Vu
9	72	Tâm Triền Phược
9	73	Học Giới
9	76	Học Giới
10	1	Mục Đích Gì
10	2	Không Cần Tác Ý
10	3	Cận Y (1)
10	4	Cận Y (2)
10	5	Cận Y (3)
10	6	Định
10	7	Sāriputta
10	8	Thiền
10	9	Giải Thoát Tịch Tịnh
10	10	Minh
10	11	Trú Xứ
10	12	Năm Chi
10	13	Kiết Sử
10	14	Tâm Hoang Vu
10	15	Không Phóng Dật
10	16	Đáng Cúng Dường
10	17	Chỗ Nương (1)
10	18	Chỗ Nương (2)
10	19	Thánh Trú (1)
10	20	Thánh Trú (2)
10	21	Sư Tử Hống
10	22	Câu Tuyên Bố
10	23	Thân
10	24	Mahācunda
10	25	Biến Xứ
10	26	Kāḷī
10	27	Đại Vấn (1)
10	28	Đại Vấn (2)
10	29	Kosala (1)
10	30	Kosala (2)
10	31	Upāli
10	32	Đình Chỉ Ba-la-đề-mộc-xoa
10	33	Ủy Ban
10	34	Cụ Túc
10	35	Y Chỉ
10	36	Sa-di
10	37	Phá Tăng
10	38	Hòa Hợp Tăng
10	39	Ānanda (1)
10	40	Ānanda (2)
10	41	Tranh Chấp
10	42	Gốc Tranh Chấp (1)
10	43	Gốc Tranh Chấp (2)
10	44	Kusinārā
10	45	Vào Nội Cung
10	46	Người Sakka
10	47	Mahāli
10	48	Người Xuất Gia Thường Quán
10	49	Pháp Nương Thân
10	50	Cãi Cọ
10	51	Tự Tâm
10	52	Sāriputta
10	53	Đứng Yên
10	54	Chỉ
10	55	Thối Giảm
10	56	Tưởng (1)
10	57	Tưởng (2)
10	58	Căn Bản
10	59	Xuất Gia
10	60	Girimānanda
10	61	Vô Minh
10	62	Hữu Ái
10	63	Đạt Đến Cứu Cánh
10	64	Tịnh Tín Bất Động
10	65	Lạc (1)
10	66	Lạc (2)
10	67	Naḷakapāna (1)
10	68	Naḷakapāna (2)
10	69	Đề Tài Đàm Luận (1)
10	70	Đề Tài Đàm Luận (2)
10	71	Ước Nguyện
10	72	Gai
10	73	Pháp Được Ước Muốn
10	74	Tăng Trưởng
10	75	Migasālā
10	76	Ba Pháp
10	77	Con Quạ
10	78	Nigaṇṭha
10	79	Căn Cứ Hiềm Hận
10	80	Điều Phục Hiềm Hận
10	81	Vāhana
10	82	Ānanda
10	83	Puṇṇiya
10	84	Tuyên Bố
10	85	Khoe Khoang
10	86	Tăng Thượng Mạn
10	87	Không Được Mến
10	88	Kẻ Mắng Nhiếc
10	89	Kokālika
10	90	Lực Của Bậc Lậu Tận
10	91	Người Thọ Hưởng Dục
10	92	Sợ Hãi
10	93	Có Kiến Gì
10	94	Vajjiyamāhita
10	95	Uttiya
10	96	Kokanuda
10	97	Đáng Cúng Dường
10	98	Trưởng Lão
10	99	Upāli
10	100	Không Thể
10	101	Tưởng Sa-môn
10	102	Giác Chi
10	103	Tà Tánh
10	104	Hạt Giống
10	105	Minh
10	106	Tiêu Mòn
10	107	Tẩy Rửa
10	108	Thầy Thuốc
10	109	Gây Ói
10	110	Cần Gột Rửa
10	111	Vô Học (1)
10	112	Vô Học (2)
10	113	Phi Pháp (1)
10	114	Phi Pháp (2)
10	115	Phi Pháp (3)
10	116	Ajita
10	117	Saṅgārava
10	118	Bờ Bên Này
10	119	Lễ Xuống (1)
10	120	Lễ Xuống (2)
10	121	Đi Trước
10	122	Đoạn Tận Lậu Hoặc
10	123	Thanh Tịnh
10	124	Chưa Sinh
10	125	Đại Quả
10	126	Điều Phục Tham
10	127	Thuần Nhàm Chán
10	128	Tu Tập Chưa Sinh
10	129	Tu Tập Đại Quả
10	130	Tu Tập Điều Phục
10	131	Tu Tập Nhàm Chán
10	132	Tà Tánh
10	133	Chánh Tánh
10	134	Lành
10	135	Thánh Pháp
10	136	Bất Thiện
10	137	Lợi Ích
10	138	Pháp
10	139	Có Lậu
10	140	Có Tội
10	141	Đáng Ăn Năn
10	142	Tích Tập
10	143	Dẫn Đến Khổ
10	144	Quả Khổ
10	145	Thánh Đạo
10	146	Con Đường Đen
10	147	Chánh Pháp
10	148	Pháp Bậc Chân Nhân
10	149	Cần Khởi
10	150	Cần Gần Gũi
10	151	Cần Tu Tập
10	152	Cần Làm Sung Mãn
10	153	Cần Tùy Niệm
10	154	Cần Chứng Ngộ
10	155	Nên Thân Cận
10	158	Lễ Xuống Của Bà-la-môn
10	159	Lễ Xuống Bậc Thánh
10	160	Saṅgārava
10	161	Bờ Bên Này
10	162	Phi Pháp (1)
10	163	Phi Pháp (2)
10	164	Phi Pháp (3)
10	165	Nhân Duyên Nghiệp
10	166	Lối Tránh
10	167	Cunda
10	168	Jāṇussoṇi
10	169	Lành
10	170	Thánh Pháp
10	171	Thiện
10	172	Lợi Ích
10	173	Pháp
10	174	Lậu Hoặc
10	175	Tội
10	176	Đáng Ăn Năn
10	177	Tích Tập
10	178	Dẫn Đến Khổ
10	179	Quả Báo
10	180	Thánh Đạo
10	181	Con Đường Đen
10	182	Chánh Pháp
10	183	Pháp Bậc Chân Nhân
10	184	Pháp Cần Khởi
10	185	Pháp Cần Gần Gũi
10	186	Pháp Cần Tu Tập
10	187	Cần Làm Sung Mãn
10	188	Cần Tùy Niệm
10	189	Cần Chứng Ngộ
10	192	Địa Ngục Và Thiên Giới (1)
10	193	Địa Ngục Và Thiên Giới (2)
10	194	Người Nữ
10	195	Nữ Cư Sĩ
10	196	Tự Tin
10	197	Bò Trườn
10	198	Cố Ý (1)
10	199	Cố Ý (2)
10	200	Thân Do Nghiệp Sanh
10	201	Sống Phi Pháp
11	1	Có Mục Đích Gì
11	2	Cần Có Tư
11	3	Cận Y (1)
11	4	Nền Tảng (2)
11	5	Nền Tảng (3)
11	6	Tai Họa
11	7	Tưởng
11	8	Tác Ý
11	9	Saddha
11	10	Moranivāpa
11	11	Mahānāma (1)
11	12	Mahānāma (2)
11	13	Nandiya
11	14	Subhūti
11	15	Từ
11	16	Aṭṭhakanāgara
11	17	Người Chăn Bò
11	18	Định (1)
11	19	Định (2)
11	20	Định (3)
11	21	Định (4)
