rajagaha	Ràjagaha	Vương Xá	113
anathapindika	Anāthapiṇḍika	Cấp Cô Độc	93
savatthi	Sāvatthi	Xá-vệ	92
veluvana	Veluvana	Trúc Lâm	48
jetavana	Jetavana	Kỳ-đà Lâm	39
gijjhakuta	Gijjhakùta	Linh Thứu	21
sariputta	Sāriputta	Xá-lợi-phất	18
lai	LẠI	HÌNH PHẠT	14
sakka	Sakka	Thích-ca	13
vesali	Vesàli	Tỳ-xá-ly	10
magadha	Magadha	Ma-kiệt-đà	10
sakya	Sakya	Thích-ca	9
asura	Asura	A-tu-la	8
kassapa	Kassapa	Ca-diếp	8
baranasi	Bàrànasi	Ba-la-nại	8
ananda	Ananda	A-nan	7
benares	Benares	Ba-la-nại	7
tam	Tâm	Phan đình Quế	6
pasenadi	Pasenadi	Ba-tư-nặc	6
kapilavatthu	Kapilavatthu	Ca-tỳ-la-vệ	6
pubbarama	Pubbārāma	Đông Viên	5
yama	Yàma	Dạ-ma	5
lam	Lâm	Lansdowne, PA	4
tusita	Tusità	Đâu-suất	4
abhassara	Abhassara	Quang Âm thiên	4
kosala	Kosala	Câu-tát-la	4
ajatasattu	Ajàtasattu	A-xà-thế	4
campa	Campà	Chiêm-bà	4
anuruddha	Anuruddha	A-na-luật-đà	4
kuru	Kuru	Câu-lâu	4
khanda	Khanda	Kiển-trà	4
tissa	Tissa	Đề-xá	4
bo-tat	Bố-tát	Uposatha	4
dhatarattha	Dhatarattha	Trì Quốc Thiên vương	4
pancasikha	Pancasikha	Ngũ Kế	4
sanghati	Sanghàti	Tăng-già-lê	4
gijjhakuuta	Gijjhakuuta	Linh Thứu	4
uruvela	Uruvela	Ưu lâu tần loa	4
gijihakuta	Gijihakùta	Linh Thứu	3
vay	Vậy	Itivuttaka	3
isipatana	Isipatana	Trú xứ chư Tiên	3
payasi	Pàyàsi	Tệ Túc	3
bimbisara	Bimbisàra	Tần-bà-sa	3
kosambi	Kosambi	Kiều-thưởng-di	3
abhibhu	Abhibhù	Thắng Giả	3
tavatimsa	Tāvatiṁsa	Tam thập tam thiên	3
gandhabba	Gandhabba	Càn-thát-bà	3
sudhamma	Sudhamma	Thiện Pháp	3
migadaya	Migadaya	Lộc Uyển	3
a	đà	Sudda	3
giai	Giải	Ṭīkā	2
sitavana	Sītavana	Hàn Lâm	2
ve	VỀ	SỐ TIỀN	2
vien	Viên	Hoa Thịnh Đốn	2
nha	Nhã	Canada	2
thao	Thảo	Australia	2
hue	Huệ	Finland	2
tri	Tri	Chùa Pháp Vân, California	2
hanh	Hạnh	Chicago	2
yen	Yến	Pd Tâm Nguyện	2
dung	Dung	Pd Tâm Hương	2
ii	II	Pācittiya	2
ngan	NGĂN	VẬT THỰC	2
thong	Thông	Chùa Bửu Đức	2
luu	Lưu	Ogha	2
huong	Hương	Đặng thị Hà	2
thich	Thích	Sakka	2
yakkha	Yakkha	Dạ-xoa	2
veluvanna	Veluvanna	Trúc Lâm	2
phuoc	Phước	Với Cư Sĩ	2
phan	Phần	Gùthakhàdaka	2
vajji	Vajjī	Bạt-kỳ	2
vessavana	Vessavana	Tỳ-sa-môn	2
revata	Revata	Ly-bà-đa	2
uppala	Uppala	Hoa sen xanh	2
uttara	Uttara	Uất-đa-la	2
devadatta	Devadatta	Đề-bà-đạt-đa	2
jevatana	Jevatana	Kỳ Viên	2
nataputta	Nàtaputta	Ni-kiền-tử	2
nigantha	Nigantha	Ni kiền tử	2
vasettha	Vàsettha	Bà-tất-sá	2
anga	Anga	Ương-già	2
sikhi	Sikhì	Thi-khí	2
konagamana	Konàgamana	Câu-na-hàm	2
gotama	Gotama	Cù-đàm	2
moggallana	Moggallàna	Mục-kiền-liên	2
asoka	Asoka	A-dục	2
bandhuma	Bandhumà	Bàn-đầu	2
suddhodana	Suddhodana	Tịnh Phạn	2
patali	Pàtali	Ba-ba-la	2
bandhumati	Bandhumatì	Bàn-đầu-bà-đề	2
saketa	Sàketa	Sa-kỳ	2
kusavati	Kusàvatì	Câu-xá- bà-đề	2
subhadda	Subhaddà	Thiện Hiền phi	2
kasi	Kàsi	Ca-thi	2
virulhaka	Virùlhaka	Tăng Trưởng Thiên vương	2
virupakkha	Virùpakkha	Quảng Mục Thiên vương	2
sat-e-ly	Sát-đế-lỵ	Khattiya	2
mithila	Mithila	Di-tát-la	2
cuu-ban-tra	Cưu-bàn-trà	Kumbhanda	2
nigrodha	Nigrodha	Ni-câu-luật Thọ Viên	2
tinh	Tịnh	Patisallàna	2
vipassi	Vipassi	Tỳ-bà-thi	2
subhakinna	Subhakiṇṇa	Biến tịnh thiên	2
tapoda	Tapoda	Suối nước nóng	2
sudda	Sudda	Thủ-đà	2
minh	Minh	Hay Vị Tỷ-kheo	2
dat	Dật	Nhiếp phục tham	2
phe-xa	Phệ-xá	Vessa	2
that	Thất	Viraddha	2
cau	Cầu	Nhiếp phục tham	2
man	Mạn	Vidhà	2
moranivapa	Moranivapa	Khổng Tước Lâm	2
migaramatupasada	Migaramatupasada	Lộc Mẫu Giảng đường	2
isigili	Isigili	Thôn tiên	2
channa	Channa	Xa-nặc	1
khi	Khi	Y	1
ke	Kệ	Sagāthāvagga	1
chao	Chao	Thái Lan	1
phap	Pháp	Sđd.	1
tru	TRỮ	VẬT THỰC	1
tay	TAY	DỌA ĐÁNH	1
brahma	Brahma	Phạm Đàn	1
samannaphala	Sāmaññaphala	Sa-môn Quả	1
suttavibhanga	Suttavibhaṅga	Phân Tích Giới Bổn	1
tong	Tông	Pāli	1
khuddakapathapali	Khuddakapāṭhapāḷi	Tiểu Tụng	1
udanapali	Udānapāḷi	Phật Tự Thuyết	1
itivuttakapali	Itivuttakapāḷi	Phật Thuyết Như Vậy	1
vimanavatthupali	Vimānavatthupāḷi	Chuyện Thiên Cung	1
petavatthupali	Petavatthupāḷi	Chuyện Ngạ Quỷ	1
buddhavamsapali	Buddhavaṃsapāḷi	Phật Sử	1
cariyapitakapali	Cariyāpiṭakapāḷi	Sở Hạnh Tạng	1
parajikapali	Pārājikapāḷi	Bất Cộng Trụ	1
pacittiyapali	Pācittiyapāḷi	Ưng Đối Trị	1
culavaggapali	Cūḷavaggapāḷi	Tiểu Phẩm	1
kondanno	Kondanno	A-nhã Kiều-trần-như	1
jambudipa	Jambudìpa	Diêm-phủ-đề	1
a-ga-ma	A-gà-ma	A-hàm	1
sineru	Sineru	Tu-di	1
jambudita	Jambudìta	Diêm-phù-đề	1
aparagoyana	Aparagoyànà	Tây ngưu hóa châu	1
uttarakuru	Uttarakurù	Bắc-cu-vô châu	1
pubbavideha	Pubbavidehà	Đông thắng thần châu	1
loi	Lõi	Tinh túy	1
kukkuta	Kukkuta	Kê Viên	1
sunettto	Sunettto	Diệu Nhãn	1
raijagaha	Ràijagaha	Vương Xá	1
thuu	Thứu	Gijjhakùta	1
gijjihakuta	Gijjihakuta	Linh Thứu	1
candala	Candàla	Chiên-đà-la: hạ liệt	1
uttarakuruka	Uttarakurukà	Bắc Cu-lô châu	1
agama	Agama	A-hàm	1
amala	Amala	A-ma- lặc	1
quy	Quy	Saranattaya	1
gioi	Giới	Dasasikkhàpada	1
ao	Ðạo	Kumàrapanha	1
cu	Cú	Dhammapada	1
thuyet	Thuyết	Udàna	1
mahacunda	Mahàcunda	Đại-Thuần-đà	1
nanda	Nanda	Nan-đa	1
nho	Nhỏ	I	1
thanissaro	Thanissaro	Bình Anson lược dịch	1
nikaya	Nikàya	Tiểu Bộ Kinh	1
vong	Vong	Paràbhava	1
thoi	Thối	Amagandha	1
pundarika	Pundarika	Hoa sen	1
tuvataka	Tuvataka	Con đường mau chóng	1
visakha	Visàkhà	Tỳ-xá-khư	1
sakkha	Sakkha	Đế Thích	1
ty	Tỳ	Dàsi-Vimàra	1
bhadda	Bhaddà	Cát Tường	1
ma-kiet-a	Ma-kiệt-đà	Magadha	1
uong	đường	Sudhammà	1
kummara-kassapa	Kummàra-Kassapa	Cưu-ma-la Ca-diếp	1
kanthaka	Kanthaka	Ngựa Kiền-trắc	1
kumara-kassapa	Kumàra-Kassapa	Cưu-ma- la Ca-diếp	1
ien	Ðiền	Khettùpamà	1
rung	Rừng	Sukàra	1
avici	Avìci	Vô gián hay A-tỳ	1
bot	Bột	Pitthadhìtalika	1
dipankara	Dipankara	Nhiên Đăng	1
be	Bé	Pàncaputtakhadaka	1
det	Dệt	Mahàpesakàra	1
au	Ðầu	Khallàtiya	1
suvannabhumi	Suvannabhùmi	Kim Địa	1
ran	Rắn	Uraga	1
dhammapala	Dhammapala	Hộ pháp	1
hoi	Hồi	Samsàmocaka	1
anurudha	Anurudha	A-na-luật-đà	1
kapppina	Kapppina	Kiếp-tân-na	1
kho	Khố	Cùlasetthi	1
culasetthi	Cùlasetthi	Tiểu chủ ngân khố	1
kankharevata	Kankhàrevata	Kankhà Ly-bà-la	1
kannamunda	Kannamunda	Tai cụt	1
nuoc	Nước	Abhijjamàna	1
rathakara	Ràthakàrà	Rathakàràpeti	1
trau	Trấu	Bhusa	1
trai	Trai	Kumàra	1
nai	Nai	Migaludda	1
doi	Dối	Kùtavinicchayika	1
kusinara	Kusinara	Câu-thi-na	1
surattha	Surattha	Vương quốc an lạc	1
go	Gỗ	Akkharukkha	1
videha	Videha	Vi-đề-ha	1
san	Sản	Bhogasamharana	1
phu	Phú	Setthiputta	1
lohakumbhi	Lohakumbhi	Chảo sắt	1
bua	Búa	Satthikùtasahassa	1
jivaka	Jìvaka	Kỳ-bà	1
vihehi	Vihehi	Vi-đề-hi	1
gosala	Gosàla	Mặc-già-lê Cù-xá-lợi	1
kesakambali	Kesakambàli	A-kỳ-đa Kỳ-xá-khâm-bà-la	1
kaccayana	Kaccayana	Bà-phù-đà Ca-chiên-nê	1
belathiputta	Belathiputta	Tán-nhã-di Tỳ-la-phê-phất	1
udayibhadda	Udàyibhadda	Ưu-đà-di- bạt-đà	1
ambattha	AMBATTHA	A-MA-TRÚ	1
vamadeva	Vàmadeva	Bà-ma -đề-bà	1
vessamitta	Vessàmitta	Tì-bà-thẩm-sá	1
yamataggi	Yamataggi	Gia-bà -đề-bà	1
angirasa	Angirasa	Ương-kỳ-la	1
sonadanda	SONADANDA	CHỦNG ĐỨC	1
gaggara	Gaggara	Già-già liên-trì	1
kutadanta	KÙTADANTA	CỨU-LA-ĐÀN-ĐẦU	1
khanumata	Khànumata	Khứ-- nậu-bà-đế	1
otthadda	Otthadda	Môi thỏ	1
ujunna	Ujunnà	Uy-nhã-quốc	1
potthapada	POTTHAPÀDA	BỐ-SÁ-BÀ-LÂU	1
subha	SUBHA	TU-BÀ	1
kevaddha	KEVADDHA	KIÊN CỐ	1
nimmanarati	Nimmànarati	Hóa lạc thiên	1
lohicca	LOHICCA	LÔ-HI-GIA	1
tevijja	TEVIJJA	TAM MINH	1
aciravati	Aciravati	A-trí-la-phạt-để	1
canki	Canki	Thường- già	1
tarukkha	Tàrukkha	Đa-lê-xa	1
pokkharasati	Pokkharasàti	Phí-già-la-bà-la	1
janussoni	Jànussoni	Sanh Lậu	1
todeyya	Todeyya	Đạo-đề-da	1
bharadvaja	Bhàradvàja	Bạt-la-đà-phạn-xà	1
vamaka	Vàmaka	Bà-ma	1
bhagu	Bhagu	Bà-cữu	1
indra	Indra	Nhân-đà-la	1
soma	Soma	Tô-ma	1
vanena	Vanena	Bà-lưu- va	1
isana	Isàna	Y-sa-na	1
mahiddhi	Mahiddhi	Ma-hi-đề	1
jeta	Jeta	Kỳ-đà	1
kareri	Kareri	Hoa Lâm	1
vessabhu	Vessabhù	Tỳ-xá- bà	1
kondanna	Kondanna	Câu- ly-nhã	1
sambhava	Sambhava	Tam-bà-bà	1
vidhura	Vidhùra	Tỳ-lâu	1
sanjiva	Sanjìva	Tát-ni	1
bhiyyosa	Bhiyyosa	Thư-bàn-na	1
khemankara	Khemankara	Nhẫn Hành	1
upasannaka	Upasannaka	Tịch Diệt	1
vuddhija	Vuddhija	Thiện Giác	1
sotthija	Sotthija	An Hòa	1
aruna	Aruna	Minh Tướng	1
pabhavati	Pabhãvatĩ	Quang Huy	1
suppatita	Suppatìta	Thiện Đăng	1
yasavati	Yasavati	Xứng Giới	1
anopama	Anopama	Vô Dụ	1
aggidatta	Aggidatta	Tự Đắc	1
khema	Khema	An Hòa	1
khemavati	Khemavatì	An Hòa	1
yannadatta	Yannadatta	Đạt Đức	1
sobha	Sobha	Thanh Tịnh	1
sobhavati	Sobhavatì	Thanh Tịnh	1
brahmadatta	Brahmadatta	Phạm Thi	1
dhanavati	Dhanavatì	Tài Chủ	1
maya	Màyà	Ma-da	1
ang-tan-gia	ăng-tần-già	Karavika	1
ukkhattha	Ukkhattha	Úc-Già La	1
suddhavasa	Suddhàvàsa	Tịnh Cư thiên	1
aviha	Avihà	Vô Nhiệt thiên	1
atappa	Atappà	Vô Phiền thiên	1
sudassa	Sudassà	Thiện Kiến thiên	1
sudassi	Sudassi	Thiện Hiện thiên	1
akanittha	Akanitthà	Sắc Cứu Kính thiên	1
kammassadhamma	Kammassadhamma	Kiếm-ma-sắt-đàm	1
vedehiputta	Vedehiputta	A-xà-thế, con bà Vi-đề-hi	1
vassakara	Vassakara	Vũ-xá	1
pavarikambavana	Pavarikambavana	Ba-ba-lợi Âm-bà-lâm	1
an	đàn	Brahmadanda	1
upavattana	Upavattana	Hồ-bạt-đan	1
vissakamma	Vissakamma	Tỳ-thủ-yết-ma	1
valahaka	Valàhaka	Vân Mã vương	1
ay	đay	Dukùla	1
koti	Koti	Cu-chi	1
malla	Malla	Mạt- la	1
ceti	Ceti	Chi-đề	1
vansa	Vansa	Bạt-sa	1
pancala	Pancàla	Ban-giá-la	1
maccha	Maccha	Bà-sá-la	1
janavasabha	Janavasabha	Xà-ni-sa	1
ta-vatimsa	Tà-vatimsà	Tam thập tam thiên	1
catumarajika	Catumàràjikà	Tứ Thiên vương thiên	1
can-that-ba	Càn-thát-bà	Gandhabba	1
e-thich	Ðế-thích	Sakka	1
yamuna	Yamuna	Diệm-mâu- na	1
disampati	Disampati	Thành Chủ	1
govinda	Govinda	Điển Tôn	1
renu	Renu	Lê-nô	1
jotipala	Jotipàla	Hộ Minh đồng tử	1
dantapura	Dantapura	Nại-đa-bố-la	1
kalinga	Kàlingà	Ca-lăng-giới	1
assaka	Assaka	Ma-thấp-na-ka	1
avanti	Avanti	Ương-đế-na	1
sovira	Sovira	Tô-vĩ- la	1
sattabhu	Sattabhù	Phá Oan vương	1
bharata	Bharata	Minh Ái vương	1
virulha	Virùlha	Tăng Trưởng Thiên vương	1
supanna	Supannà	Kim Sí điểu	1
vediya	Vediya	Tỳ-đà Sơn	1
indasala	Indasàla	Nhơn-đà-sa-la	1
setavya	Setavyà	Tư-ba-ê	1
gavampati	Gavampati	Ngưu Chủ	1
anupiya	Anupiya	A-dật-di	1
sunakkhatta	Sunakkhatta	Thiện Tịnh	1
licchavi	Licchavi	Ly- xa tử	1
patikaputta	Patikaputta	Ba-lê tử	1
udumbarika	Udumbarikà	Ưu-đàm-bà-la	1
sandhana	Sandhana	Tán-đà-na	1
matula	Matulà	Ma-du-la	1
dalhanemi	Dalhanemi	Kiên-cố-niệm	1
avidi	Avidi	A-tỷ Địa ngục	1
brahmana	Bràhmanà	Bà-la-môn	1
khattiya	Khattiya	Sát đế lỵ	1
nathaputta	Nàthaputta	Ni-kiền tử	1
cunda	Cunda	Thuần-đà	1
karavika	Karavika	Ca-lăng-tần-già	1
singalaka	Singàlaka	Thi-ca-la-việt	1
kumbhanda	Kumbhanda	Cưu-bàn-trà	1
naga	Nàga	Na-già	1
atanatiyarakkha	Atànàtiyarakkha	A-sá-nang-chi Hộ Kinh	1
vessabha	Vessabha	Tỳ-xá-bà	1
kakusandha	Kakusandha	Câu-lâu-tôn	1
chau	Châu	Uttarakurù	1
neru	Neru	Tu-di	1
kayika	Kàyikà	Phạm Chúng thiên	1
ujjhanasanna	Ujjhànasannà	Hiềm trách thiên	1
sudatta	Sudatta	Tu-đạt-đa	1
himavanta	Himavanta	Tuyết sơn	1
anathapinkika	Anàthapinkika	Cấp Cô Độc	1
raagaha	Ràagaha	Vương Xá	1
no	Nộ	Không Hại	1
upavana	Upavàna	Ưu-ba-ma-na	1
gijjakuta	Gijjakùta	Linh Thứu	1
thi	Thỉ	Anamatagga	1
dakhinagiri	Dakhinàgiri	Nam Sơn	1
gujjhakuuta	Gujjhakuuta	Linh Thứu	1
kuutagarasala	Kuutàgàrasàlà	Trùng Các giảng đường	1
kaccana	Kaccàna	Ma- ha Ca-chiên-diên	1
rajagala	Ràjagala	Vương Xá	1
bang	Bàng	Nigrodhàràma	1
thang	Thằng	Hay Dây Buộc	1
tanh	Tánh	Hay Tưởng	1
mara	Màra	Màradhamma	1
sucimukhi	Sùcimukhi	Tịnh Diện	1
khoi	Khởi	Vutthàna	1
thuc	Thục	Kallavà	1
canh	Cảnh	Gocara	1
nguyen	Nguyện	Abhinnara	1
trong	Trọng	Sakkaccakàrii	1
diet	Diệt	Vaya	1
samiddhi	Samiddhi	I	1
hoai	Hoại	Paloka	1
nhiem	Nhiễm	Ejà	1
oa	Ðọa	Parihànam	1
la-sat	La-sát	Rakkhasam	1
gi	Gì	Kimsukà	1
tham	Tham	Pàtàla	1
thu-a	Thủ-đà	Suddà	1
thu	Thù	Avenika	1
han	Hận	Upanàhi	1
o	Ðố	Issukii	1
dam	Dâm	Aticari	1
nhac	Nhác	Kusìta	1
niem	Niệm	Mutthassati	1
cam	Cấm	Pancaveram	1
luoc	Lược	Anuruddha II. Phần trắng	1
che	Chế	Pasaykà	1
phuc	Phục	Abhibhùyya	1
kien	Kiện	Thànam	1
tho	Thở	Assàsa	1
than	Thân	Sakkàya	1
uc	đức	Ayyo	1
acela	Acela	Lõa thể	1
canda	Canda	Tàn bạo	1
yodhajivo	Yodhàjivo	Kẻ chiến đấu	1
bhadra	Bhadra	Hiền	1
inh	định	Dhammasamàdhi	1
cung	Cùng	Antam	1
kia	Kia	Pàram	1
uoc	Ðược	Sududdasam	1
hang	Hằng	Dhuvam	1
yeu	Yếu	Apalokitam	1
thay	Thấy	Anidassanam	1
luan	Luận	Nippapam	1
lac	Lạc	Sivam	1
nghi	Nghì	Acchariyam	1
huu	Hữu	Abhutam	1
hoa	Họa	Anìtika	1
tai	Tại	Avyàpajjho	1
thoat	Thoát	Mutti	1
giu	Giữ	Anàlayo	1
ai	Ðài	Tànam	1
nua	Nửa	Upaddham	1
suka	Sùka	Râu lúa mì	1
lo	Lộ	Addhànam	1
chan	Chân	I-IV	1
mai	Mái	I-IV	1
re	Rễ	I-IV	1
vua	Vua	I-IV	1
trang	Trăng	I-IV	1
troi	Trời	I-IV	1
vai	Vải	I-IV	1
mi	Mì	Sukiya	1
hoac	Hoặc	I-IV	1
vu	Vu	Khilà	1
chuyen	Chuyển	Vatta	1
giac	Giác	Bodhanà	1
ly	Lý	Ayoniso	1
giam	Giảm	Aparihàni	1
tan	Tận	Khaya	1
nhap	Nhập	Nibbedha	1
tue	Tuệ	Duppanna	1
mon	Môn	Pariyàya	1
abhaya	Abhaya	Vô úy	1
hoan	Hoàn	Annàsativà	1
bam	Bầm	Vinilaka	1
ne	Nẻ	Vicchiddaka	1
len	Lên	Uddhumàtaka	1
manh	Mạnh	Nhiếp phục tham	1
toan	Toàn	Samattam	1
muon	Muốn	Chandam	1
hon	Hơn	Mudutaravaggo	1
bat-niet-ban	Bát-niết-bàn	Upahacca parinibhàvii	1
lua	Lửa	Arani	1
pubbakotthaka	Pubbakotthaka	Ngôi nhà phía Đông	1
jambu	Jambu	Diêm-phù	1
moc	Mộc	Thapataye	1
thiet	Thiết	Sankàsanà	1
keo	Keo	Khandira	1
loai	Lọai	Pànà	1
dong	Dòng	Sambhejja	1
kalasila	Kalasila	Hắc Nham	1
migaramatu	Migaramatu	Lộc Mẫu Giảng Đường	1
vajirapani	Vajirapani	Kim Cang Thủ	1
mau	Mẫu	Migaramatu	1
da-xoa	Dạ-xoa	Yakkaha	1
vejayanta	Vejayanta	Tối Thắng Điện	1
vehapphala	Vehapphala	Quảng quả thiên	1
vahapphala	Vahapphala	Quảng quả thiên	1
kukkutarama	Kukkutarama	Kê Viên	1
dighatapassi	Dighatapassi	Trường Khổ Hạnh Giả	1
upali	Upāli	Ưu-ba-ly	1
manosatta	Manosatta	Ý Trước thiên	1
vessa	Vessa	Phệ-xá	1
subhakinha	Subhakinha	Biến Tịnh thiên	1
pancakanga	Pancakanga	Ngũ Phần	1
udayi	Udāyi	Ưu đà di	1
rahula	Rāhula	La-hầu-la	1
anguttarapa	Anguttarapa	Ương-già Bắc Phương Thủy	1
kha-luu-lac	Kha-lưu-lạc	Myrobalan	1
kutagarasala	Kutagarasala	Giảng đường Trùng Các	1
dighanakha	Dìghanakha	Trường Trảo	1
ghosita	Ghosita	Cù-sư-la	1
anathapinka	Anathapinka	Cấp Cô Độc	1
anthapindika	Anthapindika	Cấp cô độc	1
thien	Thiên	Adhideve	1
ala	āla	Salavana	1
dakkhinagiri	Dakkhinagiri	Nam Sơn	1
icchanankala	Icchanankala	Y-xa-năng -gia-la	1
candalakappa	Candalakappa	Đan-đạt-la-kiếp-ba	1
cuoi	Cuối	Uparipaṇṇāsa	1
samagama	Samagama	Xá-di thôn	1
licchaviputta	Licchaviputta	Thiện Tinh Ly-xa Tử	1
kammasadhamma	Kammāsadhamma	Kiềm-ma-sắt-đàm	1
pajjota	Pajjota	Đăng Quang Vương	1
vebhara	Vebhāra	Phụ Trọng	1
pandava	Paṇḍava	Bạch Thiện	1
vepulla	Vepulla	Quảng Phổ	1
arittha	Ariṭṭha	A-lợi-sá	1
uparittha	Upariṭṭha	Bà-lợi-sá	1
sudassana	Sudassana	Thiện Kiến	1
paramimmitavasavatti	Paramimmitavasavatti	Tha Hóa Tự Tại	1
aciravata	Aciravata	Tân Học Sa-môn	1
bhumija	Bhumija	Phù-di	1
nandiya	Nandiya	Nan-đề	1
kimbila	Kimbila	Kim-ty—la	1
son	Sơn	Himālaya	1
parichattaka	Pārichattaka	Trú độ thọ	1
pandukambala	Paṇḍukambala	Vô cấu bạch thạch	1
subhuti	Subhūti	Tu-bồ-đề	1
punna	Puñña	Phú-lâu-na	1
sunaparanta	Sunaparanta	Tây Phương Du-na Quốc	1
rajakarama	Rajakarama	Vương Tự	1
